<?xml version="1.0" encoding="utf-8"?>
<resources xmlns:xliff="urn:oasis:names:tc:xliff:document:1.2">

    <string name="radio_controls_summary">Manage WLAN, Bluetooth, airplane mode, cellular networks, &amp; VPNs</string>
    <string name="wifi_assistant_title">WLAN Assistant</string>
    <string name="wifi_alert_lockdown_by_device_owner"><xliff:g id="app_name">%1$s</xliff:g> manages your device and doesn\u2019t allow modifying or deleting this WLAN network. For more information, contact your administrator.</string>
    <string name="wifi_quick_toggle_title">WLAN</string>
    <string name="wifi_quick_toggle_summary">Turn on WLAN</string>
    <string name="wifi_settings">WLAN</string>
    <string name="wifi_settings_category">WLAN settings</string>
    <string name="wifi_settings_title">WLAN</string>
    <string name="wifi_setup_wizard_title">Select WLAN network</string>
    <string name="wifi_select_network">Select WLAN</string>
    <string name="wifi_starting">Turning WLAN on\u2026</string>
    <string name="wifi_stopping">Turning off WLAN\u2026</string>
    <string name="wifi_poor_network_detection_summary">Don\u2019t use a WLAN network unless it has a good Internet connection</string>
    <string name="wifi_automatically_connect_title">Use open WLAN automatically</string>
    <string name="wifi_automatically_connect_summary">Let a WLAN assistant automatically connect to open networks determined to be high quality</string>
    <string name="wifi_scan_notify_text">To improve location accuracy, system apps and services can
        still scan for WLAN networks. You can change this in
        <xliff:g id="link_begin">LINK_BEGIN</xliff:g>scanning
        settings<xliff:g id="link_end">LINK_END</xliff:g>.</string>
    <string name="wifi_setting_sleep_policy_title">Keep WLAN on during sleep</string>
    <string name="wifi_setting_on_during_sleep_title">WLAN on during sleep</string>
    <string name="wifi_suspend_optimizations">WLAN optimization</string>
    <string name="wifi_suspend_optimizations_summary">Minimize battery usage when WLAN is on</string>
    <string name="wifi_limit_optimizations_summary">Limit battery used by WLAN</string>
    <string name="wifi_switch_away_when_unvalidated">Switch to cellular data if WLAN loses Internet access.</string>
    <string name="wifi_access_points">WLAN networks</string>
    <string name="wifi_menu_p2p">WLAN Direct</string>
    <string name="wifi_empty_list_wifi_off">To see available networks, turn WLAN on.</string>
    <string name="wifi_empty_list_wifi_on">Searching for WLAN networks\u2026</string>
    <string name="wifi_empty_list_user_restricted">You don\u2019t have permission to change the WLAN network.</string>
    <string name="wifi_wps_setup_title">WLAN Protected Setup</string>
    <string name="wifi_wps_onstart_pbc">Press the WLAN Protected Setup button on your router. It may be called \u201cWPS\u201d or marked with this symbol:</string>
    <string name="wifi_wps_onstart_pin">Enter pin <xliff:g id="number">%1$s</xliff:g> on your WLAN router. The setup can take up to two minutes to complete.</string>
    <string name="wifi_wps_connected">Connected to WLAN network <xliff:g id="network_name">%s</xliff:g></string>
    <string name="wifi_scan_always_turnon_message">To improve location accuracy and for other purposes, <xliff:g id="app_name">%1$s</xliff:g> wants to turn on network scanning, even when WLAN is off.\n\nAllow this for all apps that want to scan?</string>
    <string name="wifi_skipped_message" product="tablet">WARNING: if you skip WLAN, your tablet will only use cellular data for initial downloads and updates. To avoid possible data charges, connect to WLAN.</string>
    <string name="wifi_skipped_message" product="device">WARNING: if you skip WLAN, your device will only use cellular data for initial downloads and updates. To avoid possible data charges, connect to WLAN.</string>
    <string name="wifi_skipped_message" product="default">WARNING: if you skip WLAN, your phone will only use cellular data for initial downloads and updates. To avoid possible data charges, connect to WLAN.</string>
    <string name="wifi_and_mobile_skipped_message" product="tablet">If you skip WLAN:\n\n<li>Your tablet won\u2019t have an Internet connection.</li>\n\n<li>You won\u2019t get software updates until you connect to the Internet.</li>\n\n<li>You can\u2019t activate device protection features at this time.</li></string>
    <string name="wifi_and_mobile_skipped_message" product="device">If you skip WLAN:\n\n<li>Your device won\u2019t have an Internet connection.</li>\n\n<li>You won\u2019t get software updates until you connect to the Internet.</li>\n\n<li>You can\u2019t activate device protection features at this time.</li></string>
    <string name="wifi_and_mobile_skipped_message" product="default">If you skip WLAN:\n\n<li>Your phone won\u2019t have an Internet connection.</li>\n\n<li>You won\u2019t get software updates until you connect to the Internet.</li>\n\n<li>You can\u2019t activate device protection features at this time.</li></string>
    <string name="wifi_connect_failed_message" product="tablet">The tablet was unable to connect to this WLAN network.</string>
    <string name="wifi_connect_failed_message" product="device">The device was unable to connect to this WLAN network.</string>
    <string name="wifi_connect_failed_message" product="default">The phone was unable to connect to this WLAN network.</string>
    <string name="wifi_advanced_titlebar">Advanced WLAN</string>
    <string name="wifi_setting_frequency_band_title">WLAN frequency band</string>
    <string name="wifi_p2p_settings_title">WLAN Direct</string>
    <string name="wifi_tether_checkbox_text">Portable WLAN hotspot</string>
    <string name="wifi_hotspot_checkbox_text">WLAN hotspot</string>
    <string name="wifi_hotspot_checkbox_text_summary">Use cellular connection to provide WLAN network</string>
    <string name="wifi_tether_failed_subtext">Portable WLAN hotspot error</string>
    <string name="wifi_tether_configure_ap_text">Set up WLAN hotspot</string>
    <string name="wifi_hotspot_configure_ap_text">WLAN hotspot setup</string>
    <string name="wifi_hotspot_configure_ap_text_summary">AndroidAP WPA2 PSK portable WLAN hotspot</string>
    <string name="wifi_tether_configure_subtext"><xliff:g id="network_ssid">%1$s</xliff:g> <xliff:g id="network_security">%2$s</xliff:g> portable WLAN hotspot</string>
    <string name="status_wifi_mac_address">WLAN MAC address</string>
    <string name="reset_network_desc">This will reset all network settings, including:\n\n<li>WLAN</li>\n<li>Cellular data</li>\n<li>Bluetooth</li>"</string>
    <string name="network_scorer_change_active_dialog_title">Change WLAN assistant?</string>
    <string name="location_mode_high_accuracy_description">Use GPS, WLAN, Bluetooth, or cellular networks to determine location </string>
    <string name="location_mode_battery_saving_description">Use WLAN, Bluetooth, or cellular networks to determine location</string>
    <string name="location_scanning_wifi_always_scanning_title">WLAN scanning</string>
    <string name="location_scanning_wifi_always_scanning_description">Improve location by allowing
    system apps and services to detect WLAN networks at any time.</string>
    <string name="location_network_based">WLAN &amp; cellular network location</string>
    <string name="location_neighborhood_level_wifi">Location determined by WLAN</string>
    <string name="wifi_verbose_logging">Enable WLAN Verbose Logging</string>
    <string name="wifi_aggressive_handover">Aggressive WLAN to Cellular handover</string>
    <string name="wifi_allow_scan_with_traffic">Always allow WLAN Roam Scans</string>
    <string name="wifi_verbose_logging_summary">Increase WLAN logging level, show per SSID RSSI in WLAN Picker</string>
    <string name="wifi_aggressive_handover_summary">When enabled, WLAN will be more aggressive in handing over the data connection to Cellular, when WLAN signal is low</string>
    <string name="wifi_allow_scan_with_traffic_summary">Allow/Disallow WLAN Roam Scans based on the amount of data traffic present at the interface</string>
    <string name="mobile_data_always_on_summary">Always keep mobile data active, even when WLAN is active (for fast network switching).</string>
    <string name="battery_stats_wifi_running_label">WLAN</string>
    <string name="wifi_on_time">WLAN on time</string>
    <string name="bluetooth_on_time">WLAN on time</string>
    <string name="power_wifi">WLAN</string>
    <string name="usage_type_wifi_running">WLAN running</string>
    <string name="usage_type_data_wifi_send">WLAN packets sent</string>
    <string name="usage_type_data_wifi_recv">WLAN packets received</string>
    <string name="battery_action_wifi">WLAN settings</string>
    <string name="battery_desc_wifi">Battery used by WLAN</string>
    <string name="battery_sugg_wifi">Turn off WLAN when not using it or when it isn\u2019t available</string>
    <string name="gadget_toggle_wifi">Updating WLAN setting</string>
    <string name="gadget_state_template"><xliff:g name="feature" example="WLAN">%1$s</xliff:g> <xliff:g name="state" example="off">%2$s</xliff:g></string>
    <string name="gadget_wifi">WLAN</string>
    <string name="backup_data_summary">Back up app data, WLAN passwords, and other settings to Google servers</string>
    <string name="backup_erase_dialog_message">Stop backing up your WLAN passwords, bookmarks, other settings, and app data, plus erase all copies on Google servers?</string>
    <string name="wifi_setup_title">WLAN setup</string>
    <string name="wifi_setup_title_editing_network">Connect to WLAN network <xliff:g id="network_name" example="Happy Mobile">%s</xliff:g></string>
    <string name="wifi_setup_title_connecting_network">Connecting to WLAN network <xliff:g id="network_name" example="Happy Mobile">%s</xliff:g>\u2026</string>
    <string name="wifi_setup_title_connected_network">Connected to WLAN network <xliff:g id="network_name" example="Happy Mobile">%s</xliff:g></string>
    <string name="wifi_setup_eap_not_supported">You can\u2019t configure an EAP WLAN connection during setup. After setup, you can do that in Settings &gt; Wireless &amp; networks.</string>
    <string name="wifi_setup_description_connected">Touch <b>Next</b> to continue with setup.\n\nTouch <b>Back</b> to connect to a different WLAN network.</string>
    <string name="data_usage_menu_show_wifi">Show WLAN</string>
    <string name="data_usage_menu_hide_wifi">Hide WLAN</string>
    <string name="data_usage_disable_wifi_limit">Set WLAN data limit</string>
    <string name="data_usage_tab_wifi">WLAN</string>
    <string name="data_usage_restrict_background">If you restrict background cellular data, some apps and services won\u2019t work unless you\u2019re connected to WLAN.</string>
    <string name="data_usage_restrict_background_multiuser" product="tablet">If you restrict background cellular data, some apps and services won\u2019t work unless you\u2019re connected to WLAN.\n\nThis setting affects all users on this tablet.</string>
    <string name="data_usage_restrict_background_multiuser" product="default">If you restrict background cellular data, some apps and services won\u2019t work unless you\u2019re connected to WLAN.\n\nThis setting affects all users on this phone.</string>
    <string name="data_usage_metered_wifi">Metered WLAN networks</string>
    <string name="data_usage_metered_wifi_disabled">To select metered networks, turn WLAN on.</string>
    <string name="user_add_user_message_long">You can share this device with other people by creating additional users. Each user has their own space, which they can customize with apps, wallpaper, and so on. Users can also adjust device settings like WLAN that affect everyone.\n\nWhen you add a new user, that person needs to set up their space.\n\nAny user can update apps for all other users.</string>
    <string name="restriction_wifi_config_title">WLAN and Mobile</string>
    <string name="restriction_wifi_config_summary">Allow modification of WLAN and Mobile settings</string>
    <string name="testing_wifi_info" translatable="false">WLAN information</string>
    <string name="wifi_api_test" translatable="false">WLAN API</string>
    <string name="wifi_status_test" translatable="false">WLAN status</string>
    <string name="wifi_state_label" translatable="false">WLAN state:</string>
    <string name="wifi_config_info" translatable="false">WLAN config</string>
    <string name="wifi_calling_settings_title">WLAN calling</string>
    <string name="wifi_calling_mode_dialog_title">WLAN calling mode</string>
    <string-array name="wifi_calling_mode_choices">
        <item>WLAN preferred</item>
        <item>Cellular preferred</item>
    </string-array>
    <string name="wifi_calling_off_explanation">When WLAN calling is on, your phone can route calls via WLAN networks or your carrier\u2019s network, depending on your preference and which signal is stronger. Before turning on this feature, check with your carrier regarding fees and other details.</string>
    <string name="fullbackup_erase_dialog_message">Stop backing up device data (such as WLAN passwords and call history) and app data (such as settings and files stored by apps), plus erase all copies on Google Drive?</string>
    <string name="fullbackup_data_summary">Automatically back up device data (such as WLAN passwords and call history) and app data (such as settings and files stored by apps) remotely.\n\nWhen you turn on automatic backup, device and app data is periodically saved remotely. App data can be any data that an app has saved (based on developer settings), including potentially sensitive data such as contacts, messages, and photos.</string>
    <string name="setup_wifi_nfc_tag">Set up WLAN NFC Tag</string>

</resources>